SR. No.,Law
1,"The Constitution of Pakistan, 1973: Article 25-A guarantees the right to free and compulsory education for all children aged 5 to 16 years, making it a fundamental right."
2,"The Right to Free and Compulsory Education Act, 2012 (Punjab): Implements Article 25-A in Punjab, ensuring free education for children aged 5-16 years."
3,"The Sindh Right of Children to Free and Compulsory Education Act, 2013: Implements the right to education in Sindh province."
4,"The Khyber Pakhtunkhwa Free Compulsory Primary and Secondary Education Act, 2017: Ensures free and compulsory education in KPK province."
5,"The Balochistan Compulsory Education Act, 2014: Provides for compulsory education in Balochistan province."
6,"The Punjab Free and Compulsory Education Act, 2014: Additional legislation in Punjab for free and compulsory education."
7,"The Higher Education Commission Ordinance, 2002: Establishes the Higher Education Commission to regulate and promote higher education in Pakistan."
8,"The Universities Act (various): Different acts govern universities in different provinces, ensuring quality higher education."
9,"The Private Educational Institutions (Regulation and Control) Ordinance, 2001: Regulates private educational institutions to ensure quality and prevent exploitation."
10,"The National Education Policy: Various iterations provide framework for education policy, including gender equality in education."
11,"The Protection against Harassment of Women at the Workplace Act, 2010: Applies to educational institutions, protecting students and staff from harassment."
12,"The Punjab Educational Endowment Fund Act, 2014: Provides scholarships and financial assistance for education, particularly for underprivileged students."
13,"The Sindh Education Foundation Act, 1992: Establishes foundation to promote education, especially for girls and marginalized communities."
14,"The Khyber Pakhtunkhwa Education Foundation Act, 2011: Promotes education through various programs and scholarships."
15,"The Balochistan Education Endowment Fund Act, 2014: Provides educational scholarships and support in Balochistan."
16,"The National Commission on the Status of Women Act, 2012: Monitors and promotes women's education and gender equality in educational institutions."
17,"The Prevention of Anti-Women Practices (Criminal Law Amendment) Act, 2011: Prohibits practices that prevent women from accessing education."
18,"The Child Marriage Restraint Act, 1929: By preventing child marriage, indirectly supports girls' right to education."
19,"The Employment of Children Act, 1991: Prohibits child labor, ensuring children can attend school instead of working."
20,"The Constitution of Pakistan, Article 34: Directs the state to take steps to ensure full participation of women in all spheres of national life, including education."
